Name,Intelligence,Strength,Speed,Durability,Power,Combat,Overall
Man of Miracles,100.0,100.0,100.0,100.0,100.0,100.0,100.0
One-Above-All,100.0,100.0,100.0,100.0,100.0,100.0,100.0
The Presence,100.0,100.0,100.0,100.0,100.0,100.0,100.0
Binary,95.0,100.0,100.0,100.0,100.0,100.0,99.2
General Zod,100.0,100.0,100.0,100.0,100.0,95.0,99.2
Angela,95.0,100.0,100.0,100.0,100.0,100.0,99.2
Monarch,95.0,100.0,100.0,100.0,100.0,95.0,98.3
Vegeta,95.0,100.0,95.0,95.0,100.0,100.0,97.5
Beyonder,100.0,100.0,100.0,100.0,100.0,85.0,97.5
Steppenwolf,100.0,100.0,85.0,100.0,100.0,100.0,97.5
Superboy-Prime,100.0,100.0,100.0,100.0,100.0,85.0,97.5
Granny Goodness,100.0,100.0,90.0,100.0,95.0,100.0,97.5
Superman,100.0,100.0,100.0,100.0,100.0,85.0,97.5
Lucifer Morningstar,100.0,100.0,85.0,100.0,100.0,95.0,96.7
Darkseid,95.0,100.0,85.0,100.0,100.0,95.0,95.8
Supergirl,100.0,100.0,100.0,100.0,100.0,75.0,95.8
Martian Manhunter,100.0,95.0,95.0,100.0,100.0,85.0,95.8
Big Barda,95.0,100.0,80.0,100.0,100.0,100.0,95.8
Wonder Woman,95.0,100.0,80.0,100.0,100.0,100.0,95.8
Power Girl,100.0,100.0,100.0,100.0,100.0,75.0,95.8
Amazo,85.0,100.0,85.0,100.0,100.0,100.0,95.0
Thor,85.0,100.0,85.0,100.0,100.0,100.0,95.0
Aztar,95.0,95.0,95.0,95.0,95.0,90.0,94.2
Spectre,95.0,100.0,100.0,100.0,100.0,70.0,94.2
Ares,90.0,100.0,75.0,100.0,100.0,100.0,94.2
Ben 10,90.0,100.0,100.0,100.0,100.0,75.0,94.2
Captain Universe,95.0,95.0,95.0,95.0,100.0,85.0,94.2
Phoenix,100.0,100.0,85.0,100.0,100.0,80.0,94.2
Stardust,95.0,85.0,100.0,100.0,100.0,85.0,94.2
Trigon,95.0,100.0,85.0,100.0,100.0,80.0,93.3
Cyborg Superman,90.0,95.0,95.0,100.0,100.0,80.0,93.3
Hyperion,95.0,100.0,100.0,95.0,90.0,80.0,93.3
Shazam,95.0,100.0,90.0,95.0,100.0,75.0,92.5
Dormammu,95.0,95.0,85.0,100.0,100.0,80.0,92.5
Faora,95.0,95.0,75.0,100.0,100.0,90.0,92.5
Bizarro,75.0,95.0,100.0,100.0,100.0,85.0,92.5
Black Adam,95.0,100.0,95.0,100.0,100.0,60.0,91.7
Doomsday,90.0,100.0,70.0,100.0,100.0,90.0,91.7
Captain Atom,95.0,95.0,85.0,90.0,100.0,80.0,90.8
Hulk,95.0,100.0,65.0,100.0,100.0,85.0,90.8
Bomb Queen,90.0,90.0,80.0,95.0,100.0,90.0,90.8
Captain Marvel,95.0,90.0,75.0,95.0,100.0,90.0,90.8
Goku,80.0,100.0,75.0,90.0,100.0,100.0,90.8
Odin,100.0,85.0,70.0,95.0,100.0,90.0,90.0
Nova,100.0,85.0,75.0,100.0,100.0,80.0,90.0
Lobo,100.0,100.0,55.0,100.0,100.0,85.0,90.0
Cheetah III,95.0,100.0,90.0,80.0,80.0,95.0,90.0
Magus,95.0,100.0,70.0,100.0,100.0,75.0,90.0
Abraxas,100.0,100.0,85.0,100.0,100.0,55.0,90.0
Donna Troy,90.0,90.0,85.0,90.0,85.0,95.0,89.2
Anti-Monitor,95.0,100.0,50.0,100.0,100.0,90.0,89.2
Galactus,100.0,100.0,85.0,100.0,100.0,50.0,89.2
Mister Mxyzptlk,100.0,85.0,100.0,100.0,100.0,50.0,89.2
Sentry,90.0,100.0,100.0,100.0,100.0,45.0,89.2
Surtur,95.0,100.0,60.0,100.0,100.0,80.0,89.2
Kratos,80.0,95.0,65.0,95.0,100.0,100.0,89.2
Atom,90.0,95.0,75.0,95.0,90.0,85.0,88.3
Gladiator,80.0,100.0,100.0,100.0,80.0,70.0,88.3
Living Tribunal,100.0,100.0,100.0,100.0,100.0,30.0,88.3
Hawkwoman,90.0,85.0,85.0,90.0,85.0,90.0,87.5
Fallen One II,95.0,85.0,85.0,100.0,100.0,60.0,87.5
Match,90.0,95.0,85.0,85.0,100.0,70.0,87.5
Peter Petrelli,70.0,60.0,100.0,100.0,100.0,95.0,87.5
Aquaman,95.0,85.0,80.0,80.0,100.0,80.0,86.7
Naruto Uzumaki,75.0,90.0,75.0,80.0,100.0,100.0,86.7
Captain Mar-vell,85.0,85.0,85.0,85.0,95.0,85.0,86.7
Thanos (Infinity Gauntlet),100.0,100.0,35.0,100.0,100.0,80.0,85.8
Molecule Man,85.0,100.0,70.0,90.0,100.0,70.0,85.8
War Machine,85.0,80.0,65.0,100.0,100.0,85.0,85.8
Spawn,90.0,75.0,50.0,100.0,100.0,100.0,85.8
He-Man,90.0,100.0,75.0,90.0,75.0,85.0,85.8
Thanos,100.0,100.0,35.0,100.0,100.0,80.0,85.8
Superboy,90.0,95.0,85.0,90.0,95.0,60.0,85.8
Mogo,80.0,85.0,85.0,95.0,95.0,70.0,85.0
Ghost Rider II,70.0,85.0,95.0,85.0,85.0,90.0,85.0
Venompool,85.0,60.0,65.0,100.0,100.0,100.0,85.0
Hercules,85.0,100.0,50.0,85.0,90.0,100.0,85.0
Cat,90.0,85.0,80.0,90.0,85.0,80.0,85.0
Black Bolt,90.0,70.0,100.0,85.0,100.0,60.0,84.2
Blue Beetle,85.0,80.0,80.0,85.0,90.0,85.0,84.2
Silver Surfer,80.0,100.0,100.0,90.0,100.0,35.0,84.2
Weapon XI,80.0,65.0,65.0,100.0,95.0,100.0,84.2
Thor Girl,90.0,85.0,70.0,85.0,100.0,70.0,83.3
Lady Bullseye,90.0,75.0,80.0,80.0,75.0,100.0,83.3
Watcher,100.0,80.0,70.0,90.0,100.0,60.0,83.3
Razor-Fist II,70.0,85.0,80.0,80.0,85.0,100.0,83.3
Garbage Man,80.0,90.0,65.0,90.0,90.0,85.0,83.3
Green Lantern,85.0,90.0,75.0,80.0,100.0,70.0,83.3
Century,95.0,80.0,55.0,65.0,100.0,100.0,82.5
Hancock,85.0,90.0,70.0,100.0,100.0,50.0,82.5
Jesse Quick,90.0,60.0,100.0,70.0,90.0,85.0,82.5
Metamorpho,70.0,85.0,70.0,95.0,95.0,80.0,82.5
Vision,100.0,75.0,55.0,95.0,100.0,70.0,82.5
Captain Epic,85.0,85.0,75.0,85.0,80.0,85.0,82.5
One Punch Man,65.0,100.0,95.0,100.0,70.0,65.0,82.5
Hawkwoman III,75.0,80.0,85.0,85.0,80.0,90.0,82.5
Apocalypse,100.0,100.0,35.0,100.0,100.0,60.0,82.5
Sif,85.0,90.0,70.0,80.0,100.0,70.0,82.5
Iron Man,100.0,85.0,60.0,85.0,100.0,65.0,82.5
Anti-Venom,90.0,60.0,65.0,90.0,100.0,85.0,81.7
Valkyrie,75.0,85.0,75.0,85.0,75.0,95.0,81.7
Ardina,85.0,100.0,100.0,80.0,100.0,25.0,81.7
Destroyer,80.0,95.0,60.0,100.0,85.0,70.0,81.7
Dr Manhattan,100.0,100.0,45.0,100.0,100.0,45.0,81.7
Air-Walker,80.0,85.0,100.0,85.0,100.0,40.0,81.7
Hawkwoman II,75.0,85.0,90.0,75.0,80.0,85.0,81.7
Ultron,95.0,85.0,45.0,100.0,100.0,65.0,81.7
Energy,80.0,80.0,85.0,80.0,85.0,75.0,80.8
X-Man,95.0,55.0,55.0,95.0,100.0,85.0,80.8
Brainiac,100.0,95.0,65.0,90.0,60.0,75.0,80.8
Sauron,95.0,85.0,35.0,100.0,100.0,70.0,80.8
Onslaught,95.0,100.0,35.0,100.0,100.0,55.0,80.8
Green Goblin IV,90.0,90.0,85.0,80.0,65.0,75.0,80.8
Captain Planet,80.0,90.0,75.0,80.0,100.0,60.0,80.8
Carnage,85.0,65.0,70.0,85.0,90.0,90.0,80.8
Hollow,85.0,80.0,80.0,80.0,80.0,80.0,80.8
Ares,90.0,85.0,35.0,80.0,85.0,105.0,80.0
Vulcan,70.0,70.0,75.0,90.0,100.0,75.0,80.0
Nova,85.0,60.0,100.0,100.0,100.0,35.0,80.0
Cy-Gor,60.0,100.0,75.0,90.0,85.0,70.0,80.0
Hela,85.0,100.0,50.0,100.0,100.0,45.0,80.0
Beta Ray Bill,85.0,80.0,35.0,95.0,100.0,85.0,80.0
Warlock,95.0,40.0,80.0,95.0,75.0,95.0,80.0
Red Hulk,80.0,100.0,50.0,85.0,85.0,75.0,79.2
Juggernaut,75.0,100.0,45.0,100.0,85.0,70.0,79.2
Cerebra,85.0,70.0,70.0,80.0,80.0,90.0,79.2
She-Ra,90.0,100.0,45.0,70.0,100.0,70.0,79.2
Venom,90.0,60.0,65.0,85.0,90.0,85.0,79.2
Miss Martian,85.0,85.0,60.0,100.0,100.0,45.0,79.2
Swamp Thing,95.0,95.0,25.0,100.0,100.0,55.0,78.3
Abomination,85.0,80.0,55.0,90.0,65.0,95.0,78.3
Namor,85.0,95.0,60.0,70.0,75.0,85.0,78.3
Deadpool,85.0,35.0,50.0,100.0,100.0,100.0,78.3
Toxin,90.0,80.0,45.0,85.0,100.0,70.0,78.3
Evil Deadpool,85.0,35.0,50.0,100.0,100.0,100.0,78.3
Spider-Man,100.0,55.0,70.0,75.0,75.0,95.0,78.3
Black Widow II,90.0,60.0,80.0,75.0,70.0,95.0,78.3
Wonder Man,90.0,100.0,55.0,90.0,65.0,65.0,77.5
Toxin,80.0,75.0,70.0,85.0,85.0,70.0,77.5
Ego,95.0,80.0,85.0,100.0,75.0,30.0,77.5
Flash II,95.0,50.0,100.0,60.0,100.0,60.0,77.5
Bloodaxe,85.0,80.0,35.0,80.0,100.0,85.0,77.5
Stargirl,85.0,80.0,50.0,90.0,90.0,70.0,77.5
Kilowog,95.0,90.0,55.0,45.0,100.0,80.0,77.5
Magneto,95.0,80.0,30.0,85.0,95.0,80.0,77.5
Hybrid,85.0,65.0,60.0,75.0,100.0,80.0,77.5
Gamora,90.0,85.0,45.0,85.0,55.0,100.0,76.7
Mera,80.0,65.0,80.0,60.0,95.0,80.0,76.7
Wolverine,85.0,35.0,50.0,100.0,90.0,100.0,76.7
Sandman,80.0,75.0,50.0,95.0,100.0,60.0,76.7
King Kong,80.0,100.0,75.0,75.0,50.0,75.0,75.8
Mephisto,95.0,85.0,35.0,95.0,100.0,45.0,75.8
Abin Sur,80.0,90.0,55.0,65.0,100.0,65.0,75.8
Loki,95.0,65.0,50.0,85.0,100.0,60.0,75.8
Steel,95.0,85.0,55.0,90.0,65.0,65.0,75.8
T-X,90.0,65.0,30.0,85.0,100.0,80.0,75.0
Kang,100.0,50.0,60.0,70.0,100.0,70.0,75.0
Master Chief,90.0,75.0,35.0,80.0,70.0,100.0,75.0
Krypto,55.0,80.0,100.0,90.0,85.0,40.0,75.0
Guardian,90.0,65.0,65.0,75.0,80.0,75.0,75.0
She-Hulk,95.0,100.0,45.0,100.0,40.0,70.0,75.0
Green Lantern,75.0,90.0,55.0,65.0,100.0,65.0,75.0
Doctor Doom II,95.0,75.0,55.0,75.0,80.0,70.0,75.0
Godzilla,75.0,100.0,55.0,100.0,100.0,20.0,75.0
Sinestro,90.0,85.0,55.0,65.0,100.0,55.0,75.0
Tracy Strauss,80.0,55.0,65.0,95.0,90.0,60.0,74.2
Groot,90.0,85.0,35.0,70.0,100.0,65.0,74.2
Genesis,80.0,75.0,75.0,70.0,80.0,65.0,74.2
Green Lantern,85.0,90.0,50.0,60.0,100.0,60.0,74.2
Marvel Girl,85.0,85.0,50.0,45.0,100.0,80.0,74.2
Absorbing Man,75.0,80.0,25.0,100.0,100.0,65.0,74.2
Alex Mercer,80.0,80.0,45.0,90.0,100.0,50.0,74.2
Angel,90.0,30.0,60.0,90.0,100.0,75.0,74.2
T-850,90.0,80.0,25.0,90.0,85.0,75.0,74.2
Osiris,90.0,85.0,60.0,95.0,65.0,45.0,73.3
Hawkgirl,80.0,30.0,55.0,100.0,100.0,75.0,73.3
Spider-Man,85.0,65.0,75.0,70.0,70.0,75.0,73.3
Doctor Doom,100.0,35.0,20.0,100.0,100.0,85.0,73.3
Ymir,80.0,100.0,30.0,100.0,100.0,30.0,73.3
Atlas,85.0,80.0,25.0,100.0,100.0,50.0,73.3
Skaar,80.0,85.0,30.0,90.0,70.0,85.0,73.3
Mister Sinister,100.0,50.0,50.0,90.0,100.0,50.0,73.3
Green Lantern,80.0,85.0,45.0,65.0,100.0,65.0,73.3
Savage Dragon,85.0,70.0,55.0,85.0,70.0,75.0,73.3
Siren,80.0,65.0,80.0,60.0,95.0,60.0,73.3
Atlas,85.0,100.0,45.0,100.0,30.0,80.0,73.3
Batgirl III,80.0,65.0,70.0,70.0,65.0,90.0,73.3
Iceman,85.0,35.0,55.0,100.0,100.0,65.0,73.3
Fixer,90.0,70.0,70.0,75.0,70.0,65.0,73.3
King Shark,80.0,90.0,50.0,90.0,90.0,40.0,73.3
Frigga,75.0,80.0,50.0,85.0,85.0,65.0,73.3
Thunderstrike,85.0,80.0,70.0,85.0,45.0,75.0,73.3
Etrigan,80.0,85.0,20.0,100.0,100.0,50.0,72.5
Cannonball,80.0,30.0,70.0,100.0,95.0,60.0,72.5
Fin Fang Foom,80.0,85.0,25.0,100.0,75.0,70.0,72.5
T-1000,90.0,35.0,35.0,100.0,100.0,75.0,72.5
Omega Red,70.0,70.0,50.0,85.0,70.0,90.0,72.5
Firestorm,75.0,80.0,60.0,80.0,100.0,40.0,72.5
Maxima,90.0,90.0,35.0,60.0,85.0,75.0,72.5
Hellstorm,80.0,65.0,60.0,75.0,90.0,65.0,72.5
Crimson Dynamo,85.0,70.0,60.0,75.0,80.0,65.0,72.5
Bloodwraith,65.0,75.0,65.0,70.0,70.0,90.0,72.5
Colossus,85.0,85.0,35.0,100.0,45.0,80.0,71.7
Legion,80.0,100.0,45.0,30.0,100.0,75.0,71.7
Spider-Carnage,65.0,75.0,70.0,75.0,70.0,75.0,71.7
Hawkman,90.0,40.0,60.0,75.0,85.0,80.0,71.7
Blizzard,75.0,75.0,60.0,70.0,85.0,65.0,71.7
Green Lantern,80.0,90.0,45.0,55.0,100.0,60.0,71.7
Plastic Man,80.0,65.0,25.0,100.0,100.0,60.0,71.7
Silk,90.0,50.0,75.0,70.0,75.0,65.0,70.8
Emma Frost,90.0,65.0,35.0,90.0,100.0,45.0,70.8
Doppelganger,50.0,65.0,60.0,95.0,70.0,85.0,70.8
Franklin Richards,85.0,80.0,50.0,60.0,100.0,50.0,70.8
Kid Flash II,70.0,45.0,100.0,65.0,80.0,65.0,70.8
Green Lantern,80.0,90.0,50.0,50.0,100.0,55.0,70.8
Iron Fist,90.0,55.0,35.0,50.0,95.0,100.0,70.8
Brother Voodoo,90.0,60.0,50.0,70.0,95.0,60.0,70.8
Booster Gold,85.0,85.0,45.0,70.0,100.0,40.0,70.8
Birdman,90.0,55.0,70.0,70.0,70.0,70.0,70.8
Gorilla Grodd,95.0,55.0,35.0,70.0,100.0,65.0,70.0
Thing,90.0,85.0,25.0,100.0,40.0,80.0,70.0
Animal Man,80.0,50.0,50.0,85.0,75.0,80.0,70.0
Ghost Rider,80.0,55.0,25.0,100.0,100.0,60.0,70.0
Utgard-Loki,80.0,80.0,25.0,85.0,85.0,65.0,70.0
Venom III,85.0,75.0,35.0,90.0,75.0,60.0,70.0
Metallo,90.0,55.0,25.0,95.0,90.0,65.0,70.0
Quicksilver,85.0,30.0,100.0,60.0,85.0,60.0,70.0
Spider-Gwen,90.0,55.0,65.0,70.0,70.0,70.0,70.0
Azazel,80.0,15.0,50.0,95.0,100.0,80.0,70.0
Cogliostro,70.0,65.0,60.0,80.0,80.0,60.0,69.2
Green Lantern,85.0,80.0,25.0,90.0,100.0,35.0,69.2
Lyja,70.0,65.0,50.0,60.0,85.0,85.0,69.2
Predator,85.0,30.0,25.0,85.0,100.0,90.0,69.2
Cyborg,90.0,55.0,45.0,85.0,75.0,65.0,69.2
Bi-Beast,95.0,100.0,60.0,75.0,30.0,55.0,69.2
Sabretooth,80.0,50.0,40.0,90.0,50.0,100.0,68.3
Abe Sapien,95.0,30.0,35.0,65.0,100.0,85.0,68.3
Cable,95.0,50.0,25.0,60.0,100.0,80.0,68.3
Agent Zero,90.0,30.0,40.0,80.0,75.0,95.0,68.3
Starfire,80.0,80.0,35.0,85.0,60.0,70.0,68.3
X-23,90.0,25.0,45.0,100.0,55.0,95.0,68.3
Scorpion,80.0,55.0,60.0,85.0,50.0,80.0,68.3
Shadow King,90.0,15.0,30.0,100.0,100.0,75.0,68.3
Moonstone,80.0,70.0,50.0,55.0,75.0,80.0,68.3
Hellboy,85.0,55.0,25.0,95.0,75.0,75.0,68.3
Darth Maul,80.0,50.0,50.0,30.0,100.0,100.0,68.3
Rhino,65.0,80.0,45.0,90.0,40.0,85.0,67.5
Lizard,80.0,55.0,60.0,70.0,80.0,60.0,67.5
Darth Vader,85.0,50.0,35.0,35.0,100.0,100.0,67.5
Annihilus,90.0,80.0,50.0,60.0,60.0,65.0,67.5
Indigo,90.0,65.0,50.0,50.0,100.0,50.0,67.5
Spider-Man,65.0,65.0,70.0,65.0,70.0,70.0,67.5
Arsenal,80.0,55.0,60.0,60.0,65.0,85.0,67.5
Ray,80.0,10.0,95.0,100.0,100.0,20.0,67.5
Firestorm,80.0,55.0,60.0,60.0,100.0,45.0,66.7
Red Tornado,90.0,40.0,70.0,60.0,100.0,40.0,66.7
Quake,90.0,40.0,50.0,45.0,85.0,90.0,66.7
Polaris,85.0,75.0,45.0,50.0,100.0,45.0,66.7
Silk Spectre II,85.0,50.0,70.0,55.0,50.0,90.0,66.7
Exodus,85.0,85.0,30.0,30.0,100.0,70.0,66.7
Aqualad,85.0,45.0,45.0,75.0,90.0,60.0,66.7
Vindicator,85.0,65.0,55.0,65.0,60.0,70.0,66.7
Beetle,70.0,60.0,65.0,65.0,75.0,65.0,66.7
Yoda,95.0,55.0,35.0,25.0,100.0,90.0,66.7
Iron Monger,95.0,65.0,25.0,90.0,60.0,60.0,65.8
Mach-IV,90.0,40.0,60.0,85.0,60.0,60.0,65.8
Luke Skywalker,85.0,40.0,45.0,25.0,100.0,100.0,65.8
Doc Samson,90.0,80.0,35.0,80.0,40.0,70.0,65.8
Black Flash,75.0,10.0,100.0,80.0,100.0,30.0,65.8
Citizen Steel,80.0,95.0,35.0,100.0,25.0,60.0,65.8
Deathstroke,90.0,30.0,35.0,100.0,50.0,90.0,65.8
Arachne,80.0,50.0,50.0,70.0,75.0,70.0,65.8
Black Manta,90.0,30.0,50.0,60.0,80.0,85.0,65.8
Jason Voorhees,85.0,35.0,25.0,100.0,100.0,50.0,65.8
Penance II,65.0,45.0,70.0,65.0,85.0,65.0,65.8
Captain Britain,90.0,80.0,50.0,60.0,35.0,80.0,65.8
Blue Beetle II,85.0,45.0,55.0,65.0,60.0,80.0,65.0
Anti-Spawn,75.0,60.0,55.0,65.0,70.0,65.0,65.0
Scarlet Spider,90.0,55.0,60.0,75.0,50.0,60.0,65.0
Mantis,85.0,10.0,35.0,80.0,100.0,80.0,65.0
Howard the Duck,75.0,55.0,55.0,70.0,60.0,75.0,65.0
Solomon Grundy,55.0,95.0,15.0,100.0,95.0,30.0,65.0
Aurora,85.0,10.0,100.0,60.0,75.0,60.0,65.0
Power Man,50.0,80.0,40.0,90.0,50.0,80.0,65.0
Jean Grey,100.0,80.0,25.0,20.0,95.0,70.0,65.0
Captain Marvel II,90.0,85.0,30.0,90.0,35.0,60.0,65.0
Scarlet Witch,100.0,10.0,30.0,70.0,100.0,80.0,65.0
Karate Kid,85.0,65.0,70.0,20.0,50.0,100.0,65.0
Mimic,85.0,70.0,50.0,60.0,80.0,45.0,65.0
Firelord,75.0,65.0,75.0,90.0,55.0,30.0,65.0
Flash III,85.0,10.0,100.0,60.0,100.0,35.0,65.0
Namorita,80.0,75.0,50.0,70.0,40.0,70.0,64.2
Lady Deathstrike,85.0,30.0,45.0,85.0,50.0,90.0,64.2
Klaw,85.0,40.0,35.0,100.0,65.0,60.0,64.2
Impulse,80.0,10.0,100.0,60.0,75.0,60.0,64.2
Luke Cage,80.0,65.0,30.0,95.0,45.0,70.0,64.2
Blue Beetle III,80.0,35.0,60.0,80.0,100.0,30.0,64.2
Lex Luthor,100.0,55.0,25.0,65.0,70.0,70.0,64.2
Warpath,75.0,75.0,50.0,70.0,30.0,85.0,64.2
Giant-Man,95.0,85.0,40.0,65.0,55.0,45.0,64.2
Wonder Girl,90.0,90.0,25.0,80.0,40.0,60.0,64.2
Offspring,80.0,10.0,35.0,100.0,100.0,60.0,64.2
Drax the Destroyer,80.0,80.0,25.0,85.0,50.0,65.0,64.2
Beast,100.0,50.0,40.0,60.0,45.0,85.0,63.3
Northstar,80.0,20.0,85.0,60.0,65.0,70.0,63.3
Mandarin,100.0,30.0,25.0,30.0,100.0,95.0,63.3
Molten Man,80.0,75.0,25.0,85.0,55.0,60.0,63.3
Husk,85.0,65.0,35.0,80.0,50.0,65.0,63.3
Flash IV,85.0,10.0,100.0,35.0,100.0,50.0,63.3
Shatterstar,85.0,50.0,45.0,65.0,50.0,85.0,63.3
Spider-Girl,85.0,40.0,60.0,65.0,55.0,75.0,63.3
Jack of Hearts,85.0,55.0,100.0,30.0,80.0,30.0,63.3
Poison Ivy,95.0,15.0,30.0,70.0,100.0,70.0,63.3
Sebastian Shaw,85.0,85.0,15.0,95.0,40.0,60.0,63.3
Ultragirl,80.0,80.0,35.0,70.0,35.0,80.0,63.3
Crimson Crusader,60.0,60.0,40.0,65.0,85.0,65.0,62.5
Atom IV,85.0,55.0,55.0,55.0,60.0,65.0,62.5
Isis,90.0,50.0,75.0,50.0,50.0,60.0,62.5
Psylocke,85.0,35.0,25.0,40.0,100.0,90.0,62.5
Invisible Woman,95.0,10.0,30.0,85.0,95.0,60.0,62.5
Q,100.0,15.0,20.0,100.0,100.0,40.0,62.5
Venom II,80.0,60.0,50.0,70.0,55.0,60.0,62.5
Phantom Stranger,100.0,10.0,25.0,100.0,100.0,40.0,62.5
Adam Monroe,85.0,10.0,15.0,100.0,100.0,65.0,62.5
Elastigirl,85.0,35.0,35.0,95.0,55.0,70.0,62.5
Giganta,95.0,90.0,25.0,85.0,35.0,45.0,62.5
Batman,95.0,40.0,30.0,55.0,65.0,90.0,62.5
Deadman,80.0,10.0,35.0,100.0,100.0,45.0,61.7
Human Torch,85.0,15.0,65.0,70.0,90.0,45.0,61.7
Cloak,85.0,10.0,50.0,65.0,100.0,60.0,61.7
Doctor Strange,100.0,10.0,15.0,85.0,100.0,60.0,61.7
Spider-Woman,80.0,45.0,45.0,60.0,70.0,70.0,61.7
Sunspot,85.0,65.0,35.0,25.0,90.0,70.0,61.7
Doctor Fate,95.0,20.0,25.0,80.0,100.0,50.0,61.7
Evilhawk,80.0,35.0,35.0,70.0,85.0,65.0,61.7
Bane,95.0,40.0,25.0,60.0,55.0,95.0,61.7
Frenzy,85.0,55.0,35.0,100.0,40.0,55.0,61.7
Hobgoblin,65.0,60.0,60.0,60.0,65.0,60.0,61.7
Blob,60.0,85.0,25.0,95.0,30.0,75.0,61.7
Battlestar,80.0,55.0,35.0,75.0,50.0,75.0,61.7
Namora,80.0,85.0,45.0,45.0,50.0,65.0,61.7
A-Bomb,75.0,100.0,20.0,80.0,25.0,65.0,60.8
Misfit,85.0,35.0,25.0,80.0,95.0,45.0,60.8
Man-Thing,80.0,35.0,10.0,100.0,100.0,40.0,60.8
Alien,80.0,30.0,45.0,90.0,60.0,60.0,60.8
Bloodhawk,80.0,10.0,50.0,80.0,80.0,65.0,60.8
Wildfire,80.0,35.0,25.0,100.0,80.0,45.0,60.8
Leonardo,90.0,20.0,50.0,65.0,60.0,80.0,60.8
Magog,80.0,50.0,25.0,65.0,70.0,75.0,60.8
Mr Incredible,80.0,85.0,35.0,95.0,30.0,40.0,60.8
Bishop,85.0,15.0,25.0,75.0,100.0,65.0,60.8
Bird-Man,85.0,40.0,35.0,65.0,70.0,65.0,60.0
Warbird,85.0,40.0,35.0,65.0,70.0,65.0,60.0
Luke Campbell,85.0,40.0,35.0,65.0,70.0,65.0,60.0
Black Abbott,85.0,40.0,35.0,65.0,70.0,65.0,60.0
Captain America,85.0,20.0,40.0,55.0,60.0,100.0,60.0
Blizzard,85.0,40.0,35.0,65.0,70.0,65.0,60.0
Machine Man,85.0,35.0,35.0,85.0,55.0,65.0,60.0
Bolt,85.0,40.0,35.0,65.0,70.0,65.0,60.0
Killer Croc,65.0,55.0,35.0,90.0,55.0,60.0,60.0
Mad Max,85.0,40.0,35.0,65.0,70.0,65.0,60.0
Vertigo II,85.0,40.0,35.0,65.0,70.0,65.0,60.0
Blue Beetle,85.0,40.0,35.0,65.0,70.0,65.0,60.0
Billy Kincaid,85.0,40.0,35.0,65.0,70.0,65.0,60.0
Box,85.0,40.0,35.0,65.0,70.0,65.0,60.0
Boomer,85.0,40.0,35.0,65.0,70.0,65.0,60.0
Vindicator,85.0,40.0,35.0,65.0,70.0,65.0,60.0
Box III,85.0,40.0,35.0,65.0,70.0,65.0,60.0
Nathan Petrelli,85.0,40.0,35.0,65.0,70.0,65.0,60.0
Bumbleboy,85.0,40.0,35.0,65.0,70.0,65.0,60.0
Captain Midnight,85.0,40.0,35.0,65.0,70.0,65.0,60.0
Minna Murray,85.0,40.0,35.0,65.0,70.0,65.0,60.0
Kylo Ren,80.0,45.0,35.0,30.0,100.0,70.0,60.0
Bird-Man II,85.0,40.0,35.0,65.0,70.0,65.0,60.0
Morlun,85.0,60.0,35.0,45.0,75.0,60.0,60.0
Vision II,85.0,40.0,35.0,65.0,70.0,65.0,60.0
Blaquesmith,85.0,40.0,35.0,65.0,70.0,65.0,60.0
Namor,85.0,40.0,35.0,65.0,70.0,65.0,60.0
Master Brood,85.0,40.0,35.0,65.0,70.0,65.0,60.0
Mohinder Suresh,85.0,40.0,35.0,65.0,70.0,65.0,60.0
Black Goliath,85.0,40.0,35.0,65.0,70.0,65.0,60.0
Spider-Woman IV,85.0,40.0,35.0,65.0,70.0,65.0,60.0
Cat II,85.0,40.0,35.0,65.0,70.0,65.0,60.0
Goliath IV,85.0,40.0,35.0,65.0,70.0,65.0,60.0
Winter Soldier,80.0,35.0,35.0,65.0,60.0,85.0,60.0
Atom,85.0,40.0,35.0,65.0,70.0,65.0,60.0
Titan,85.0,40.0,35.0,65.0,70.0,65.0,60.0
Redeemer II,85.0,40.0,35.0,65.0,70.0,65.0,60.0
Redeemer III,85.0,40.0,35.0,65.0,70.0,65.0,60.0
Renata Soliz,85.0,40.0,35.0,65.0,70.0,65.0,60.0
Speedball,85.0,40.0,35.0,65.0,70.0,65.0,60.0
Wiz Kid,85.0,40.0,35.0,65.0,70.0,65.0,60.0
Ripcord,85.0,40.0,35.0,65.0,70.0,65.0,60.0
Snake-Eyes,85.0,40.0,35.0,65.0,70.0,65.0,60.0
Green Goblin III,85.0,40.0,35.0,65.0,70.0,65.0,60.0
Siren II,85.0,40.0,35.0,65.0,70.0,65.0,60.0
Goliath,85.0,40.0,35.0,65.0,70.0,65.0,60.0
Danny Cooper,85.0,40.0,35.0,65.0,70.0,65.0,60.0
Goliath,85.0,40.0,35.0,65.0,70.0,65.0,60.0
Goliath,85.0,40.0,35.0,65.0,70.0,65.0,60.0
Wondra,85.0,40.0,35.0,65.0,70.0,65.0,60.0
Giant-Man II,85.0,40.0,35.0,65.0,70.0,65.0,60.0
Allan Quatermain,85.0,40.0,35.0,65.0,70.0,65.0,60.0
Yellow Claw,85.0,40.0,35.0,65.0,70.0,65.0,60.0
ERG-1,85.0,40.0,35.0,65.0,70.0,65.0,60.0
Fabian Cortez,85.0,40.0,35.0,65.0,70.0,65.0,60.0
Shrinking Violet,85.0,40.0,35.0,65.0,70.0,65.0,60.0
Fighting Spirit,85.0,40.0,35.0,65.0,70.0,65.0,60.0
Trickster,85.0,40.0,35.0,65.0,70.0,65.0,60.0
Silk Spectre,85.0,40.0,35.0,65.0,70.0,65.0,60.0
Darkhawk,80.0,35.0,35.0,70.0,75.0,65.0,60.0
Speedy,85.0,40.0,35.0,65.0,70.0,65.0,60.0
Atom III,85.0,40.0,35.0,65.0,70.0,65.0,60.0
Thunderbird II,85.0,40.0,35.0,65.0,70.0,65.0,60.0
Omniscient,85.0,40.0,35.0,65.0,70.0,65.0,60.0
K-2SO,85.0,40.0,35.0,65.0,70.0,65.0,60.0
Beak,85.0,40.0,35.0,65.0,70.0,65.0,60.0
Cecilia Reyes,85.0,40.0,35.0,65.0,70.0,65.0,60.0
Overtkill,85.0,40.0,35.0,65.0,70.0,65.0,60.0
Penance,85.0,40.0,35.0,65.0,70.0,65.0,60.0
Penance I,85.0,40.0,35.0,65.0,70.0,65.0,60.0
Johann Krauss,85.0,40.0,35.0,65.0,70.0,65.0,60.0
Stacy X,85.0,40.0,35.0,65.0,70.0,65.0,60.0
Jessica Sanders,85.0,40.0,35.0,65.0,70.0,65.0,60.0
Chromos,85.0,40.0,35.0,65.0,70.0,65.0,60.0
Plastic Lad,85.0,40.0,35.0,65.0,70.0,65.0,60.0
Thunderbird III,85.0,40.0,35.0,65.0,70.0,65.0,60.0
Colin Wagner,85.0,40.0,35.0,65.0,70.0,65.0,60.0
Vagabond,85.0,40.0,35.0,65.0,70.0,65.0,60.0
Raphael,85.0,20.0,50.0,65.0,60.0,80.0,60.0
Curse,85.0,40.0,35.0,65.0,70.0,65.0,60.0
Valerie Hart,85.0,40.0,35.0,65.0,70.0,65.0,60.0
Quantum,85.0,40.0,35.0,65.0,70.0,65.0,60.0
Colossal Boy,85.0,40.0,35.0,65.0,70.0,65.0,60.0
Spider-Woman II,85.0,40.0,35.0,65.0,70.0,65.0,60.0
Batgirl V,85.0,40.0,35.0,65.0,70.0,65.0,60.0
Meteorite,85.0,40.0,35.0,65.0,70.0,65.0,60.0
Donatello,95.0,15.0,50.0,60.0,60.0,75.0,59.2
She-Thing,85.0,75.0,25.0,80.0,25.0,65.0,59.2
Tiger Shark,75.0,75.0,50.0,70.0,55.0,30.0,59.2
Blackout,85.0,35.0,45.0,80.0,45.0,65.0,59.2
Batman,100.0,20.0,30.0,50.0,50.0,100.0,58.3
Armor,80.0,65.0,15.0,80.0,55.0,55.0,58.3
Scarlet Spider II,95.0,55.0,60.0,40.0,40.0,60.0,58.3
White Queen,80.0,45.0,45.0,70.0,65.0,45.0,58.3
Michelangelo,85.0,15.0,50.0,65.0,60.0,75.0,58.3
Beast Boy,80.0,30.0,50.0,70.0,80.0,40.0,58.3
Zoom,80.0,10.0,100.0,30.0,100.0,30.0,58.3
Green Goblin,100.0,50.0,40.0,60.0,50.0,50.0,58.3
Black Panther,95.0,20.0,30.0,60.0,45.0,100.0,58.3
Judge Dredd,90.0,20.0,40.0,50.0,55.0,95.0,58.3
Flash,85.0,10.0,100.0,50.0,70.0,35.0,58.3
Synch,90.0,70.0,25.0,30.0,75.0,60.0,58.3
Triton,80.0,65.0,50.0,65.0,35.0,55.0,58.3
Jyn Erso,70.0,40.0,50.0,50.0,55.0,85.0,58.3
Callisto,85.0,55.0,25.0,45.0,55.0,85.0,58.3
Junkpile,80.0,40.0,20.0,90.0,85.0,30.0,57.5
Harley Quinn,95.0,15.0,35.0,65.0,55.0,80.0,57.5
Dazzler,85.0,10.0,35.0,60.0,100.0,55.0,57.5
Space Ghost,75.0,20.0,35.0,40.0,95.0,80.0,57.5
Thundra,75.0,85.0,35.0,65.0,30.0,55.0,57.5
Doctor Octopus,100.0,50.0,35.0,40.0,55.0,65.0,57.5
T-800,90.0,35.0,20.0,60.0,75.0,65.0,57.5
Shadow Lass,85.0,10.0,70.0,20.0,80.0,80.0,57.5
Storm,90.0,10.0,50.0,30.0,90.0,75.0,57.5
Agent 13,80.0,40.0,45.0,50.0,45.0,85.0,57.5
Metron,95.0,10.0,50.0,60.0,100.0,30.0,57.5
Buffy,85.0,30.0,45.0,70.0,50.0,60.0,56.7
Taskmaster,90.0,15.0,50.0,20.0,65.0,100.0,56.7
John Wraith,90.0,15.0,35.0,30.0,90.0,80.0,56.7
Jigsaw,60.0,45.0,45.0,60.0,45.0,85.0,56.7
Morph,65.0,50.0,40.0,65.0,70.0,50.0,56.7
Batgirl IV,85.0,15.0,30.0,60.0,50.0,100.0,56.7
Tigra,85.0,35.0,55.0,40.0,35.0,90.0,56.7
Vanisher,85.0,10.0,75.0,60.0,65.0,45.0,56.7
Ra's Al Ghul,100.0,30.0,35.0,45.0,30.0,100.0,56.7
Hiro Nakamura,75.0,15.0,95.0,20.0,100.0,35.0,56.7
Daredevil,90.0,15.0,35.0,35.0,65.0,100.0,56.7
Violator,55.0,65.0,25.0,80.0,85.0,30.0,56.7
Demogoblin,80.0,50.0,45.0,35.0,70.0,60.0,56.7
Gog,80.0,35.0,50.0,75.0,40.0,60.0,56.7
Electro,85.0,10.0,50.0,60.0,70.0,65.0,56.7
Nite Owl II,85.0,45.0,40.0,40.0,50.0,80.0,56.7
Professor Zoom,100.0,10.0,100.0,20.0,85.0,20.0,55.8
Hawk,75.0,40.0,35.0,95.0,45.0,45.0,55.8
Toad,80.0,35.0,60.0,60.0,70.0,30.0,55.8
Arclight,75.0,65.0,25.0,45.0,55.0,70.0,55.8
Ajax,80.0,50.0,35.0,80.0,35.0,55.0,55.8
Black Mamba,90.0,10.0,35.0,45.0,90.0,65.0,55.8
Blade,85.0,30.0,40.0,50.0,40.0,90.0,55.8
Mystique,90.0,15.0,25.0,65.0,65.0,75.0,55.8
Cyclops,90.0,10.0,25.0,45.0,80.0,80.0,55.0
Jack-Jack,35.0,35.0,70.0,80.0,100.0,10.0,55.0
Medusa,90.0,35.0,35.0,70.0,40.0,60.0,55.0
Shocker,85.0,10.0,25.0,70.0,80.0,60.0,55.0
Jennifer Kale,90.0,10.0,35.0,45.0,75.0,75.0,55.0
Mockingbird,90.0,35.0,40.0,20.0,50.0,95.0,55.0
Black Lightning,80.0,15.0,55.0,30.0,70.0,75.0,54.2
Banshee,80.0,10.0,60.0,40.0,65.0,70.0,54.2
Ms Marvel II,75.0,65.0,25.0,85.0,15.0,60.0,54.2
Robocop,90.0,35.0,15.0,80.0,55.0,50.0,54.2
Enchantress,85.0,15.0,25.0,60.0,100.0,40.0,54.2
Swarm,90.0,20.0,50.0,90.0,40.0,35.0,54.2
Man-Wolf,85.0,45.0,35.0,45.0,45.0,70.0,54.2
Songbird,90.0,40.0,30.0,45.0,55.0,60.0,53.3
Deathlok,85.0,35.0,30.0,70.0,40.0,60.0,53.3
Jessica Jones,80.0,45.0,50.0,70.0,20.0,55.0,53.3
Claire Bennet,75.0,10.0,15.0,100.0,90.0,30.0,53.3
Batgirl,70.0,45.0,50.0,40.0,45.0,70.0,53.3
Ozymandias,100.0,20.0,35.0,20.0,50.0,95.0,53.3
Punisher,85.0,20.0,25.0,45.0,45.0,100.0,53.3
Mysterio,95.0,10.0,20.0,40.0,85.0,70.0,53.3
Static,85.0,10.0,45.0,50.0,90.0,40.0,53.3
Elektra,85.0,15.0,30.0,30.0,60.0,100.0,53.3
Zatanna,95.0,10.0,25.0,30.0,100.0,60.0,53.3
Batman II,95.0,15.0,35.0,30.0,40.0,100.0,52.5
Hope Summers,85.0,10.0,15.0,35.0,95.0,75.0,52.5
Nightcrawler,80.0,10.0,50.0,15.0,80.0,80.0,52.5
Nightwing,95.0,15.0,35.0,30.0,40.0,100.0,52.5
Hydro-Man,75.0,15.0,25.0,80.0,70.0,50.0,52.5
Boba Fett,85.0,10.0,40.0,40.0,70.0,70.0,52.5
Plantman,85.0,60.0,25.0,55.0,65.0,25.0,52.5
Mister Zsasz,100.0,25.0,35.0,30.0,30.0,95.0,52.5
Chamber,80.0,10.0,20.0,80.0,60.0,65.0,52.5
Sasquatch,90.0,80.0,25.0,60.0,15.0,45.0,52.5
Snowbird,80.0,35.0,30.0,45.0,70.0,55.0,52.5
Raven,80.0,10.0,30.0,70.0,85.0,40.0,52.5
Data,100.0,35.0,25.0,40.0,60.0,50.0,51.7
Shang-Chi,85.0,15.0,30.0,50.0,30.0,100.0,51.7
Elongated Man,90.0,10.0,35.0,90.0,45.0,40.0,51.7
Darkstar,75.0,10.0,35.0,45.0,80.0,65.0,51.7
Green Goblin II,90.0,55.0,40.0,50.0,45.0,30.0,51.7
Nebula,85.0,55.0,15.0,50.0,45.0,60.0,51.7
Vixen,80.0,40.0,50.0,50.0,65.0,25.0,51.7
Black Widow,90.0,15.0,35.0,30.0,40.0,100.0,51.7
Kraven the Hunter,85.0,35.0,35.0,45.0,25.0,85.0,51.7
Firestar,80.0,10.0,55.0,55.0,75.0,35.0,51.7
Batgirl,95.0,15.0,35.0,40.0,35.0,90.0,51.7
Sylar,90.0,10.0,15.0,25.0,85.0,85.0,51.7
Niki Sanders,85.0,55.0,35.0,30.0,40.0,60.0,50.8
Green Arrow,95.0,15.0,35.0,30.0,40.0,90.0,50.8
Archangel,85.0,15.0,60.0,65.0,35.0,45.0,50.8
Rogue,90.0,10.0,15.0,30.0,80.0,80.0,50.8
Moloch,75.0,40.0,35.0,40.0,70.0,45.0,50.8
Living Brain,90.0,55.0,35.0,60.0,35.0,30.0,50.8
Clea,70.0,40.0,45.0,40.0,75.0,35.0,50.8
Corsair,70.0,35.0,45.0,35.0,45.0,75.0,50.8
Chewbacca,80.0,40.0,25.0,50.0,40.0,65.0,50.0
Nick Fury,90.0,15.0,25.0,45.0,25.0,100.0,50.0
Kraven II,80.0,35.0,25.0,30.0,45.0,85.0,50.0
Maverick,85.0,10.0,15.0,45.0,60.0,85.0,50.0
Mister Fantastic,100.0,10.0,20.0,70.0,35.0,65.0,50.0
Hellcat,85.0,15.0,35.0,45.0,50.0,70.0,50.0
Mr Immortal,80.0,10.0,10.0,100.0,70.0,30.0,50.0
Havok,85.0,10.0,25.0,60.0,75.0,45.0,50.0
Joker,100.0,10.0,15.0,60.0,45.0,70.0,50.0
Dagger,85.0,10.0,35.0,45.0,55.0,70.0,50.0
Changeling,85.0,10.0,25.0,45.0,65.0,65.0,49.2
Wasp,85.0,20.0,60.0,55.0,30.0,45.0,49.2
Jubilee,80.0,10.0,25.0,20.0,70.0,90.0,49.2
Spider-Woman III,80.0,50.0,30.0,45.0,60.0,30.0,49.2
Moses Magnum,90.0,30.0,15.0,45.0,55.0,60.0,49.2
Moon Knight,80.0,40.0,25.0,45.0,30.0,75.0,49.2
Shadowcat,95.0,10.0,25.0,25.0,70.0,70.0,49.2
Ink,75.0,30.0,20.0,40.0,75.0,50.0,48.3
Black Knight III,85.0,10.0,10.0,70.0,45.0,70.0,48.3
Gravity,80.0,35.0,35.0,40.0,70.0,30.0,48.3
Red Hood,90.0,15.0,25.0,30.0,35.0,95.0,48.3
Angel,85.0,15.0,50.0,65.0,30.0,45.0,48.3
Multiple Man,85.0,15.0,25.0,70.0,30.0,65.0,48.3
Bling!,85.0,15.0,15.0,90.0,55.0,30.0,48.3
Robin,95.0,15.0,30.0,30.0,35.0,85.0,48.3
Tempest,75.0,10.0,45.0,30.0,70.0,60.0,48.3
Bill Harken,85.0,40.0,35.0,60.0,30.0,40.0,48.3
Gambit,85.0,10.0,25.0,30.0,55.0,85.0,48.3
Liz Sherman,55.0,35.0,30.0,45.0,75.0,50.0,48.3
Saturn Girl,95.0,10.0,50.0,20.0,90.0,25.0,48.3
Red Robin,95.0,15.0,30.0,35.0,30.0,80.0,47.5
Bananaman,60.0,50.0,35.0,80.0,30.0,30.0,47.5
Bantam,65.0,55.0,25.0,55.0,25.0,60.0,47.5
Firebird,75.0,10.0,40.0,15.0,100.0,45.0,47.5
Box IV,80.0,75.0,25.0,30.0,15.0,60.0,47.5
Dash,65.0,15.0,95.0,60.0,20.0,30.0,47.5
White Canary,85.0,10.0,35.0,15.0,50.0,90.0,47.5
Atom II,95.0,10.0,35.0,45.0,40.0,60.0,47.5
Harry Potter,90.0,10.0,25.0,10.0,100.0,50.0,47.5
Black Canary,85.0,10.0,35.0,20.0,55.0,80.0,47.5
Robin III,95.0,15.0,30.0,30.0,30.0,85.0,47.5
Phantom,70.0,35.0,35.0,35.0,30.0,80.0,47.5
Star-Lord,85.0,20.0,35.0,50.0,25.0,70.0,47.5
Blink,80.0,10.0,20.0,30.0,80.0,65.0,47.5
Deadshot,80.0,10.0,25.0,30.0,55.0,80.0,46.7
Monica Dawson,80.0,10.0,35.0,15.0,50.0,90.0,46.7
Man-Bat,75.0,20.0,50.0,70.0,35.0,30.0,46.7
James Bond (Craig),95.0,15.0,20.0,35.0,25.0,90.0,46.7
Mister Freeze,90.0,35.0,15.0,70.0,40.0,30.0,46.7
Feral,75.0,30.0,45.0,30.0,30.0,70.0,46.7
Bullseye,80.0,15.0,25.0,70.0,20.0,70.0,46.7
Huntress,85.0,10.0,25.0,30.0,35.0,95.0,46.7
Goblin Queen,90.0,10.0,25.0,30.0,65.0,60.0,46.7
Rick Flag,95.0,15.0,25.0,30.0,20.0,95.0,46.7
DL Hawkins,80.0,15.0,15.0,60.0,50.0,60.0,46.7
Robin II,90.0,15.0,30.0,30.0,30.0,85.0,46.7
Domino,85.0,10.0,30.0,30.0,50.0,75.0,46.7
Catwoman,85.0,15.0,35.0,30.0,30.0,85.0,46.7
Justice,80.0,10.0,35.0,70.0,55.0,30.0,46.7
Spock,95.0,20.0,20.0,40.0,60.0,40.0,45.8
Warp,75.0,10.0,25.0,30.0,85.0,50.0,45.8
3-D Man,80.0,35.0,45.0,35.0,25.0,55.0,45.8
Professor X,100.0,10.0,15.0,15.0,100.0,35.0,45.8
Meltdown,75.0,10.0,15.0,45.0,65.0,65.0,45.8
Question,95.0,15.0,30.0,35.0,20.0,80.0,45.8
Longshot,80.0,10.0,30.0,10.0,75.0,70.0,45.8
Silverclaw,80.0,30.0,35.0,45.0,35.0,45.0,45.0
Lightning Lord,75.0,10.0,25.0,45.0,70.0,45.0,45.0
Blizzard II,75.0,10.0,30.0,45.0,50.0,60.0,45.0
Cameron Hicks,80.0,10.0,25.0,30.0,55.0,70.0,45.0
Vibe,80.0,10.0,20.0,30.0,100.0,30.0,45.0
Black Canary,85.0,10.0,35.0,15.0,45.0,80.0,45.0
Batwoman V,95.0,10.0,30.0,25.0,30.0,80.0,45.0
Boom-Boom,75.0,10.0,15.0,45.0,60.0,65.0,45.0
Cypher,75.0,35.0,40.0,35.0,50.0,35.0,45.0
Sobek,80.0,35.0,25.0,50.0,20.0,60.0,45.0
Thunderbird,80.0,35.0,30.0,35.0,15.0,70.0,44.2
Angel Salvadore,75.0,10.0,30.0,30.0,60.0,60.0,44.2
MODOK,100.0,20.0,25.0,25.0,80.0,15.0,44.2
Jim Powell,75.0,40.0,25.0,80.0,25.0,20.0,44.2
Light Lass,75.0,10.0,35.0,30.0,70.0,45.0,44.2
John Constantine,85.0,10.0,10.0,40.0,55.0,65.0,44.2
Kid Flash,65.0,5.0,95.0,45.0,20.0,30.0,43.3
Adam Strange,85.0,10.0,35.0,40.0,40.0,50.0,43.3
Oracle,90.0,15.0,25.0,30.0,20.0,80.0,43.3
Brainiac 5,100.0,10.0,25.0,30.0,60.0,35.0,43.3
Kingpin,90.0,20.0,25.0,40.0,15.0,70.0,43.3
Siryn,75.0,10.0,50.0,30.0,50.0,45.0,43.3
Crystal,85.0,20.0,15.0,15.0,65.0,60.0,43.3
Elle Bishop,80.0,10.0,15.0,45.0,65.0,45.0,43.3
Cheetah II,75.0,20.0,45.0,20.0,40.0,60.0,43.3
Batgirl VI,90.0,10.0,25.0,30.0,25.0,80.0,43.3
Falcon,75.0,15.0,50.0,30.0,25.0,65.0,43.3
Azrael,85.0,20.0,20.0,20.0,35.0,80.0,43.3
Cheetah,75.0,10.0,45.0,20.0,35.0,70.0,42.5
Copycat,80.0,10.0,25.0,25.0,55.0,60.0,42.5
Luna,75.0,10.0,85.0,15.0,55.0,15.0,42.5
Diamondback,75.0,20.0,25.0,30.0,45.0,60.0,42.5
Triplicate Girl,85.0,10.0,25.0,45.0,45.0,45.0,42.5
James T. Kirk,85.0,15.0,20.0,30.0,30.0,75.0,42.5
Spyke,80.0,15.0,20.0,60.0,50.0,30.0,42.5
Proto-Goblin,85.0,40.0,25.0,50.0,25.0,30.0,42.5
Bionic Woman,80.0,40.0,35.0,40.0,20.0,40.0,42.5
Rorschach,90.0,10.0,30.0,20.0,25.0,80.0,42.5
Red Arrow,85.0,20.0,25.0,20.0,25.0,80.0,42.5
Rey,85.0,10.0,25.0,10.0,90.0,35.0,42.5
Ant-Man II,90.0,20.0,20.0,40.0,55.0,30.0,42.5
Rip Hunter,100.0,10.0,10.0,10.0,100.0,25.0,42.5
Alex Woolsly,55.0,35.0,40.0,45.0,35.0,40.0,41.7
Angel Dust,75.0,55.0,25.0,45.0,20.0,30.0,41.7
Wolfsbane,75.0,20.0,35.0,45.0,30.0,45.0,41.7
Violet Parr,80.0,10.0,15.0,50.0,80.0,15.0,41.7
Big Man,90.0,15.0,25.0,30.0,20.0,70.0,41.7
Black Cat,90.0,20.0,35.0,10.0,25.0,70.0,41.7
Plastique,80.0,10.0,25.0,30.0,60.0,45.0,41.7
Blackwulf,80.0,30.0,10.0,30.0,70.0,25.0,40.8
Darkman,95.0,15.0,25.0,60.0,20.0,30.0,40.8
Vulture,90.0,25.0,45.0,25.0,30.0,30.0,40.8
Ariel,80.0,10.0,15.0,15.0,95.0,30.0,40.8
Ant-Man,100.0,20.0,25.0,30.0,35.0,35.0,40.8
Ando Masahashi,35.0,25.0,30.0,60.0,65.0,30.0,40.8
Ammo,35.0,45.0,35.0,35.0,25.0,70.0,40.8
Jean-Luc Picard,90.0,10.0,20.0,30.0,30.0,65.0,40.8
Jolt,85.0,15.0,30.0,35.0,35.0,45.0,40.8
Lightning Lad,75.0,10.0,25.0,30.0,60.0,45.0,40.8
Matt Parkman,85.0,10.0,15.0,15.0,60.0,60.0,40.8
Scorpia,75.0,30.0,45.0,30.0,35.0,30.0,40.8
Micro Lad,75.0,30.0,30.0,30.0,45.0,35.0,40.8
Leader,100.0,10.0,15.0,15.0,60.0,45.0,40.8
Killer Frost,95.0,10.0,15.0,35.0,60.0,30.0,40.8
Robin V,85.0,10.0,35.0,20.0,30.0,65.0,40.8
Kevin 11,65.0,10.0,15.0,15.0,100.0,40.0,40.8
Speedy,80.0,10.0,35.0,20.0,30.0,70.0,40.8
Penguin,95.0,10.0,15.0,35.0,45.0,45.0,40.8
Phantom Girl,75.0,10.0,25.0,30.0,55.0,45.0,40.0
Hawkeye,80.0,15.0,25.0,10.0,30.0,80.0,40.0
Purple Man,80.0,10.0,10.0,30.0,95.0,10.0,39.2
Han Solo,80.0,10.0,20.0,20.0,45.0,60.0,39.2
Blackwing,75.0,10.0,35.0,35.0,20.0,60.0,39.2
Parademon,55.0,30.0,20.0,50.0,55.0,25.0,39.2
Brundlefly,85.0,35.0,25.0,40.0,35.0,15.0,39.2
Bumblebee,85.0,30.0,25.0,10.0,50.0,35.0,39.2
Shriek,80.0,10.0,25.0,30.0,45.0,45.0,39.2
Rocket Raccoon,80.0,5.0,25.0,30.0,30.0,65.0,39.2
Scarecrow,95.0,10.0,15.0,15.0,50.0,50.0,39.2
Chameleon,95.0,10.0,20.0,30.0,50.0,30.0,39.2
Hit-Girl,80.0,10.0,30.0,20.0,30.0,65.0,39.2
Red Skull,90.0,10.0,15.0,15.0,20.0,80.0,38.3
Mister Knife,90.0,10.0,20.0,30.0,15.0,65.0,38.3
Kick-Ass,75.0,10.0,25.0,35.0,25.0,60.0,38.3
Robin VI,80.0,10.0,25.0,20.0,20.0,70.0,37.5
The Comedian,85.0,15.0,20.0,10.0,15.0,80.0,37.5
Ronin,80.0,15.0,25.0,10.0,15.0,80.0,37.5
Atom Girl,75.0,10.0,25.0,30.0,40.0,45.0,37.5
Big Daddy,75.0,10.0,15.0,35.0,25.0,65.0,37.5
Kathryn Janeway,90.0,10.0,25.0,25.0,25.0,50.0,37.5
Sage,90.0,10.0,15.0,15.0,30.0,60.0,36.7
Katniss Everdeen,80.0,10.0,25.0,25.0,25.0,55.0,36.7
Yellowjacket II,80.0,10.0,35.0,30.0,35.0,30.0,36.7
Captain Hindsight,65.0,10.0,85.0,30.0,10.0,20.0,36.7
Forge,85.0,10.0,15.0,30.0,25.0,50.0,35.8
Heat Wave,75.0,10.0,20.0,45.0,30.0,30.0,35.0
Bird-Brain,65.0,10.0,35.0,30.0,25.0,45.0,35.0
Walrus,80.0,30.0,10.0,50.0,15.0,20.0,34.2
Pyro,75.0,10.0,15.0,15.0,55.0,30.0,33.3
Nina Theroux,85.0,5.0,10.0,10.0,70.0,20.0,33.3
Micah Sanders,85.0,10.0,15.0,15.0,60.0,15.0,33.3
Stephanie Powell,85.0,10.0,55.0,10.0,25.0,10.0,32.5
Maya Herrera,80.0,10.0,15.0,15.0,60.0,15.0,32.5
Indiana Jones,85.0,10.0,20.0,30.0,20.0,30.0,32.5
Red Mist,65.0,10.0,25.0,15.0,20.0,60.0,32.5
Bushido,75.0,10.0,10.0,10.0,20.0,70.0,32.5
Alfred Pennyworth,85.0,10.0,20.0,10.0,10.0,55.0,31.7
Greedo,75.0,10.0,15.0,15.0,35.0,40.0,31.7
Negasonic Teenage Warhead,80.0,10.0,10.0,10.0,45.0,35.0,31.7
Hawkeye II,80.0,10.0,10.0,10.0,25.0,50.0,30.8
Leech,65.0,5.0,15.0,15.0,65.0,15.0,30.0
Clock King,90.0,10.0,20.0,10.0,10.0,40.0,30.0
Yellowjacket,95.0,10.0,15.0,30.0,15.0,15.0,30.0
Captain Cold,80.0,10.0,20.0,20.0,30.0,20.0,30.0
Rachel Pirzad,85.0,5.0,10.0,10.0,55.0,10.0,29.2
Tinkerer,100.0,10.0,25.0,15.0,10.0,15.0,29.2
Gary Bell,85.0,5.0,10.0,10.0,55.0,10.0,29.2
Daphne Powell,75.0,10.0,10.0,10.0,60.0,10.0,29.2
Two-Face,95.0,10.0,15.0,15.0,10.0,30.0,29.2
Cottonmouth,80.0,10.0,10.0,10.0,30.0,25.0,27.5
Riddler,100.0,10.0,15.0,15.0,10.0,15.0,27.5
Aquababy,60.0,20.0,15.0,15.0,40.0,15.0,27.5
Wyatt Wingfoot,60.0,10.0,15.0,5.0,5.0,60.0,25.8
Quill,75.0,10.0,15.0,15.0,25.0,15.0,25.8
Paul Blart,50.0,15.0,25.0,50.0,10.0,5.0,25.8
Jar Jar Binks,60.0,10.0,35.0,10.0,25.0,15.0,25.8
JJ Powell,95.0,10.0,10.0,10.0,15.0,10.0,25.0
Stormtrooper,60.0,10.0,10.0,15.0,5.0,20.0,20.0
Agent Bob,60.0,10.0,15.0,5.0,5.0,20.0,19.2
Franklin Storm,75.0,10.0,5.0,5.0,0.0,10.0,17.5
